"","X","course","chapter","sequential","vertical","terminal","seq","ver"
"1",0,"block-v1:ColumbiaX+DS101X+1T2016+type@course+block@course","4","block-v1:ColumbiaX+DS101X+1T2016+type@sequential+block@16c746aa710b4b258080317934582264","block-v1:ColumbiaX+DS101X+1T2016+type@vertical+block@98da1bda5fc54683aafddc351884642b","block-v1:ColumbiaX+DS101X+1T2016+type@html+block@853dfc2250ca4485a6c109658c5a930d",5,1
"2",1,"block-v1:ColumbiaX+DS101X+1T2016+type@course+block@course","4","block-v1:ColumbiaX+DS101X+1T2016+type@sequential+block@16c746aa710b4b258080317934582264","block-v1:ColumbiaX+DS101X+1T2016+type@vertical+block@98da1bda5fc54683aafddc351884642b","block-v1:ColumbiaX+DS101X+1T2016+type@video+block@3b220bf2e68b43188238eb4eedcf21cd",5,1
"3",2,"block-v1:ColumbiaX+DS101X+1T2016+type@course+block@course","0","block-v1:ColumbiaX+DS101X+1T2016+type@sequential+block@de776b3078614873aebfd0cc7727b304","block-v1:ColumbiaX+DS101X+1T2016+type@vertical+block@8e13bf993bcc4a688205792e119e0309","block-v1:ColumbiaX+DS101X+1T2016+type@html+block@abd3b1558556412eaa1f719d755f8521",1,1
"4",3,"block-v1:ColumbiaX+DS101X+1T2016+type@course+block@course","2","block-v1:ColumbiaX+DS101X+1T2016+type@sequential+block@c1a155f3812a4b629a5d1d2dc0780d67","block-v1:ColumbiaX+DS101X+1T2016+type@vertical+block@3050f0aaf27e4c59ac69a5e6da6de898","block-v1:ColumbiaX+DS101X+1T2016+type@html+block@2f0d9309ba0e41ce948460dc6efaf709",2,3
"5",4,"block-v1:ColumbiaX+DS101X+1T2016+type@course+block@course","2","block-v1:ColumbiaX+DS101X+1T2016+type@sequential+block@c1a155f3812a4b629a5d1d2dc0780d67","block-v1:ColumbiaX+DS101X+1T2016+type@vertical+block@3050f0aaf27e4c59ac69a5e6da6de898","block-v1:ColumbiaX+DS101X+1T2016+type@problem+block@25d512a1e0fd4771ab124737fb96185c",2,3
"6",5,"block-v1:ColumbiaX+DS101X+1T2016+type@course+block@course","5","block-v1:ColumbiaX+DS101X+1T2016+type@sequential+block@5ffa7d0ee931454db1407386884f40e9","block-v1:ColumbiaX+DS101X+1T2016+type@vertical+block@86f11a67fdbc42e78a2a68f8a933e3a9","block-v1:ColumbiaX+DS101X+1T2016+type@problem+block@0d4a063a937f43f98115cfcd5c8324be",13,2
"7",6,"block-v1:ColumbiaX+DS101X+1T2016+type@course+block@course","1","block-v1:ColumbiaX+DS101X+1T2016+type@sequential+block@b548971936904e96b68b56fb3dddb6f5","block-v1:ColumbiaX+DS101X+1T2016+type@vertical+block@4553bf974be846528d9ca42ed71f80c0","block-v1:ColumbiaX+DS101X+1T2016+type@video+block@38f84a250e4f4056bc19a7c78de8c89d",2,1
"8",7,"block-v1:ColumbiaX+DS101X+1T2016+type@course+block@course","4","block-v1:ColumbiaX+DS101X+1T2016+type@sequential+block@d3a9eb2f78904867b664337786d9e197","block-v1:ColumbiaX+DS101X+1T2016+type@vertical+block@043d45f232704050ace69d5fd3800f78","block-v1:ColumbiaX+DS101X+1T2016+type@html+block@1e937b6d680e4e238d199db61db658fe",1,1
"9",8,"block-v1:ColumbiaX+DS101X+1T2016+type@course+block@course","2","block-v1:ColumbiaX+DS101X+1T2016+type@sequential+block@f76d84f241a04c3dad308025e0f0f26e","block-v1:ColumbiaX+DS101X+1T2016+type@vertical+block@6fada640af69450fae8463c6499d9597","block-v1:ColumbiaX+DS101X+1T2016+type@video+block@88b34634e03e497ab06be0b1c06ae74f",13,1
"10",9,"block-v1:ColumbiaX+DS101X+1T2016+type@course+block@course","3","block-v1:ColumbiaX+DS101X+1T2016+type@sequential+block@e65a2d83a51644c39f179b0e03a2d668","block-v1:ColumbiaX+DS101X+1T2016+type@vertical+block@1d8eb28ebf2040b2bdd82fb26df0d18b","block-v1:ColumbiaX+DS101X+1T2016+type@video+block@4d31304364ed4553847df2651e6c575a",7,1
"11",10,"block-v1:ColumbiaX+DS101X+1T2016+type@course+block@course","5","block-v1:ColumbiaX+DS101X+1T2016+type@sequential+block@5ee34cd646a44106b7bf48edb07fac8c","block-v1:ColumbiaX+DS101X+1T2016+type@vertical+block@1553c8010e834651919f8ea800fceb97","block-v1:ColumbiaX+DS101X+1T2016+type@html+block@0591d551e89247de857832a179244bc1",15,3
"12",11,"block-v1:ColumbiaX+DS101X+1T2016+type@course+block@course","5","block-v1:ColumbiaX+DS101X+1T2016+type@sequential+block@5ee34cd646a44106b7bf48edb07fac8c","block-v1:ColumbiaX+DS101X+1T2016+type@vertical+block@1553c8010e834651919f8ea800fceb97","block-v1:ColumbiaX+DS101X+1T2016+type@discussion+block@3e9e40f2dee24ea4918bbc6f5f264082",15,3
"13",12,"block-v1:ColumbiaX+DS101X+1T2016+type@course+block@course","2","block-v1:ColumbiaX+DS101X+1T2016+type@sequential+block@47b6499b1320457f836e8aecf4162d0b","block-v1:ColumbiaX+DS101X+1T2016+type@vertical+block@6a5983b441c346d9a902d0664dca1e62","block-v1:ColumbiaX+DS101X+1T2016+type@html+block@97e6dca8a7ea4a2499cf7788fde6340d",9,3
"14",13,"block-v1:ColumbiaX+DS101X+1T2016+type@course+block@course","2","block-v1:ColumbiaX+DS101X+1T2016+type@sequential+block@47b6499b1320457f836e8aecf4162d0b","block-v1:ColumbiaX+DS101X+1T2016+type@vertical+block@6a5983b441c346d9a902d0664dca1e62","block-v1:ColumbiaX+DS101X+1T2016+type@problem+block@2f826b2d7d2240baa7638f338e13c5f4",9,3
"15",14,"block-v1:ColumbiaX+DS101X+1T2016+type@course+block@course","5","block-v1:ColumbiaX+DS101X+1T2016+type@sequential+block@0aad0cce110844cd8a29f0519b7a84e0","block-v1:ColumbiaX+DS101X+1T2016+type@vertical+block@43bc140efd8a4d44aca6ae66b09067e4","block-v1:ColumbiaX+DS101X+1T2016+type@problem+block@df7eb454e665447db3488ef3f011c49e",6,3
"16",15,"block-v1:ColumbiaX+DS101X+1T2016+type@course+block@course","5","block-v1:ColumbiaX+DS101X+1T2016+type@sequential+block@3dd23a2fca4c41cca5011a6d4a7aa3cf","block-v1:ColumbiaX+DS101X+1T2016+type@vertical+block@8bfcbddf103d45859f4bc6b7ca23fcdc","block-v1:ColumbiaX+DS101X+1T2016+type@html+block@b0b4447bba0f4cadb4d48119125ab6bc",14,2
"17",16,"block-v1:ColumbiaX+DS101X+1T2016+type@course+block@course","1","block-v1:ColumbiaX+DS101X+1T2016+type@sequential+block@10857aaed5ab4e7a80fb46e9246ca174","block-v1:ColumbiaX+DS101X+1T2016+type@vertical+block@5a46b47ed1644e34bde4844955dc2505","block-v1:ColumbiaX+DS101X+1T2016+type@html+block@bc1c4863c65f482f8b7002065955bae2",8,2
"18",17,"block-v1:ColumbiaX+DS101X+1T2016+type@course+block@course","1","block-v1:ColumbiaX+DS101X+1T2016+type@sequential+block@10857aaed5ab4e7a80fb46e9246ca174","block-v1:ColumbiaX+DS101X+1T2016+type@vertical+block@5a46b47ed1644e34bde4844955dc2505","block-v1:ColumbiaX+DS101X+1T2016+type@discussion+block@64b7e2de0f22428b9bf49d819527ae92",8,2
"19",18,"block-v1:ColumbiaX+DS101X+1T2016+type@course+block@course","5","block-v1:ColumbiaX+DS101X+1T2016+type@sequential+block@5d50dbb2a09d4ff9891e9dcdf8b54f92","block-v1:ColumbiaX+DS101X+1T2016+type@vertical+block@9010db1e69474fae8d3c42c500771ab2","block-v1:ColumbiaX+DS101X+1T2016+type@html+block@0c3f23fde5a04a7e9a41f0dd5f5e23ff",17,1
"20",19,"block-v1:ColumbiaX+DS101X+1T2016+type@course+block@course","3","block-v1:ColumbiaX+DS101X+1T2016+type@sequential+block@85fcdb5eb4d4464097bf0d36de0cd4fb","block-v1:ColumbiaX+DS101X+1T2016+type@vertical+block@aca09bc05f3b419181497465c4a00e67","block-v1:ColumbiaX+DS101X+1T2016+type@html+block@ced3e3c9bff4443188e5af4582df3a20",2,3
"21",20,"block-v1:ColumbiaX+DS101X+1T2016+type@course+block@course","2","block-v1:ColumbiaX+DS101X+1T2016+type@sequential+block@30c21ccfd60c471c94b2c713d58c36f7","block-v1:ColumbiaX+DS101X+1T2016+type@vertical+block@0e96ae6f944b472f9b43a2a2c04d425e","block-v1:ColumbiaX+DS101X+1T2016+type@video+block@ea278e7f03294f5fb83d49a87761c071",10,1
"22",21,"block-v1:ColumbiaX+DS101X+1T2016+type@course+block@course","4","block-v1:ColumbiaX+DS101X+1T2016+type@sequential+block@2498cd0969f94186b8a3dac31ba1b07a","block-v1:ColumbiaX+DS101X+1T2016+type@vertical+block@9be46e517ec1469797ae64b6343b47b1","block-v1:ColumbiaX+DS101X+1T2016+type@html+block@d683c2d2c91c4a5c8bb039445395d986",4,4
"23",22,"block-v1:ColumbiaX+DS101X+1T2016+type@course+block@course","4","block-v1:ColumbiaX+DS101X+1T2016+type@sequential+block@2498cd0969f94186b8a3dac31ba1b07a","block-v1:ColumbiaX+DS101X+1T2016+type@vertical+block@9be46e517ec1469797ae64b6343b47b1","block-v1:ColumbiaX+DS101X+1T2016+type@discussion+block@3108483305094d5897438aacebf68cfb",4,4
"24",23,"block-v1:ColumbiaX+DS101X+1T2016+type@course+block@course","2","block-v1:ColumbiaX+DS101X+1T2016+type@sequential+block@0c0745b7de6142eeb00ca749c8fab20d","block-v1:ColumbiaX+DS101X+1T2016+type@vertical+block@3a7c2b22480f4ce68073a4edd9c07b9e","block-v1:ColumbiaX+DS101X+1T2016+type@video+block@c6df2d1c6f0c4ffd96987d36b72e24f4",11,1
"25",24,"block-v1:ColumbiaX+DS101X+1T2016+type@course+block@course","3","block-v1:ColumbiaX+DS101X+1T2016+type@sequential+block@85fcdb5eb4d4464097bf0d36de0cd4fb","block-v1:ColumbiaX+DS101X+1T2016+type@vertical+block@cdd836b2a69247bfa60e92f1765de618","block-v1:ColumbiaX+DS101X+1T2016+type@video+block@e797d04275af41068f07430ff989b1ad",2,1
"26",25,"block-v1:ColumbiaX+DS101X+1T2016+type@course+block@course","2","block-v1:ColumbiaX+DS101X+1T2016+type@sequential+block@252811f3fd564e928474451d8d7a6e54","block-v1:ColumbiaX+DS101X+1T2016+type@vertical+block@f48ec919c4034c898c6835788cdd6720","block-v1:ColumbiaX+DS101X+1T2016+type@html+block@47dcdf0c5bc14f81bcc6df9b7806c60b",7,2
"27",26,"block-v1:ColumbiaX+DS101X+1T2016+type@course+block@course","2","block-v1:ColumbiaX+DS101X+1T2016+type@sequential+block@4e212e4f39e74b40ac9c1e1f36476d0a","block-v1:ColumbiaX+DS101X+1T2016+type@vertical+block@4d012ef5c4674b8c9802e926ef4b781b","block-v1:ColumbiaX+DS101X+1T2016+type@video+block@8e4318e7a0864c43bf49beaba6d8611b",8,1
"28",27,"block-v1:ColumbiaX+DS101X+1T2016+type@course+block@course","5","block-v1:ColumbiaX+DS101X+1T2016+type@sequential+block@984fab140ea8472894da623f05f7fddc","block-v1:ColumbiaX+DS101X+1T2016+type@vertical+block@510ee29b350445ba82e12dbd1825157b","block-v1:ColumbiaX+DS101X+1T2016+type@video+block@45813f72cb774c77a81f2680665ee027",12,1
"29",28,"block-v1:ColumbiaX+DS101X+1T2016+type@course+block@course","2","block-v1:ColumbiaX+DS101X+1T2016+type@sequential+block@522779a5d08b4dcc9a3ffae79b398f88","block-v1:ColumbiaX+DS101X+1T2016+type@vertical+block@1b8a48d19d534af3bd87bc337d5aca69","block-v1:ColumbiaX+DS101X+1T2016+type@video+block@d0931bd8dae94b93ab40273ea5ab82fc",6,1
"30",29,"block-v1:ColumbiaX+DS101X+1T2016+type@course+block@course","3","block-v1:ColumbiaX+DS101X+1T2016+type@sequential+block@3876953ce32e446bbd12a14bb87d8869","block-v1:ColumbiaX+DS101X+1T2016+type@vertical+block@c35d47e5fe304df3bcdd0f63a5fbb58f","block-v1:ColumbiaX+DS101X+1T2016+type@problem+block@a034e1e943ab4b7cbc8350eb28c7847f",5,2
"31",30,"block-v1:ColumbiaX+DS101X+1T2016+type@course+block@course","4","block-v1:ColumbiaX+DS101X+1T2016+type@sequential+block@075891b9caaa4002b62d7965b74728c4","block-v1:ColumbiaX+DS101X+1T2016+type@vertical+block@10ca973930244d96b96c3cff66c6eb8f","block-v1:ColumbiaX+DS101X+1T2016+type@video+block@b5d0968a75924c249ef9ad0d83761257",7,1
"32",31,"block-v1:ColumbiaX+DS101X+1T2016+type@course+block@course","3","block-v1:ColumbiaX+DS101X+1T2016+type@sequential+block@ec9952dc74644121a7eaa0626f67f6bb","block-v1:ColumbiaX+DS101X+1T2016+type@vertical+block@a7ff21cb24384adb8759c1ed27146aa4","block-v1:ColumbiaX+DS101X+1T2016+type@video+block@3777a601c3e54f8b9170d8efee1e27d9",4,1
"33",32,"block-v1:ColumbiaX+DS101X+1T2016+type@course+block@course","2","block-v1:ColumbiaX+DS101X+1T2016+type@sequential+block@522779a5d08b4dcc9a3ffae79b398f88","block-v1:ColumbiaX+DS101X+1T2016+type@vertical+block@a549f324319d46d7b2deb7d885f42cd9","block-v1:ColumbiaX+DS101X+1T2016+type@problem+block@76b34007c05446298bef8cabc2d0e534",6,2
"34",33,"block-v1:ColumbiaX+DS101X+1T2016+type@course+block@course","4","block-v1:ColumbiaX+DS101X+1T2016+type@sequential+block@2498cd0969f94186b8a3dac31ba1b07a","block-v1:ColumbiaX+DS101X+1T2016+type@vertical+block@6016cb2e777b416892db207c2bf1ee8c","block-v1:ColumbiaX+DS101X+1T2016+type@html+block@a5a629aaf6774450a0cccf3e53426389",4,3
"35",34,"block-v1:ColumbiaX+DS101X+1T2016+type@course+block@course","4","block-v1:ColumbiaX+DS101X+1T2016+type@sequential+block@2498cd0969f94186b8a3dac31ba1b07a","block-v1:ColumbiaX+DS101X+1T2016+type@vertical+block@6016cb2e777b416892db207c2bf1ee8c","block-v1:ColumbiaX+DS101X+1T2016+type@discussion+block@93e255d9b06847099cc72111d5718702",4,3
"36",35,"block-v1:ColumbiaX+DS101X+1T2016+type@course+block@course","4","block-v1:ColumbiaX+DS101X+1T2016+type@sequential+block@518c66d1603343168d1589a093e12143","block-v1:ColumbiaX+DS101X+1T2016+type@vertical+block@bf23de9f616843eebe0c16364447021a","block-v1:ColumbiaX+DS101X+1T2016+type@video+block@e88cf4b3296047bbb8d1b901693c100c",6,1
"37",36,"block-v1:ColumbiaX+DS101X+1T2016+type@course+block@course","2","block-v1:ColumbiaX+DS101X+1T2016+type@sequential+block@4e212e4f39e74b40ac9c1e1f36476d0a","block-v1:ColumbiaX+DS101X+1T2016+type@vertical+block@31c39dd685634b48a6431f43740afb84","block-v1:ColumbiaX+DS101X+1T2016+type@html+block@de043390a74b4c92a3ad2b25f31f10eb",8,3
"38",37,"block-v1:ColumbiaX+DS101X+1T2016+type@course+block@course","2","block-v1:ColumbiaX+DS101X+1T2016+type@sequential+block@4e212e4f39e74b40ac9c1e1f36476d0a","block-v1:ColumbiaX+DS101X+1T2016+type@vertical+block@31c39dd685634b48a6431f43740afb84","block-v1:ColumbiaX+DS101X+1T2016+type@discussion+block@055c771187954d1b95d9550fec41b65c",8,3
"39",38,"block-v1:ColumbiaX+DS101X+1T2016+type@course+block@course","3","block-v1:ColumbiaX+DS101X+1T2016+type@sequential+block@5bc255b8fbc044beb2466d260a9a8166","block-v1:ColumbiaX+DS101X+1T2016+type@vertical+block@47bc8d58d64547aeaf557d9560bc01fa","block-v1:ColumbiaX+DS101X+1T2016+type@video+block@abf34c8a0e5d4d2ba01aaae2cbb130ab",1,1
"40",39,"block-v1:ColumbiaX+DS101X+1T2016+type@course+block@course","3","block-v1:ColumbiaX+DS101X+1T2016+type@sequential+block@5b16d9f7807944fba9447068491a6bf5","block-v1:ColumbiaX+DS101X+1T2016+type@vertical+block@f9a2555207624081b4deb0a50de7a0f1","block-v1:ColumbiaX+DS101X+1T2016+type@problem+block@0b3e46148e874b47be0f165ba7ec57b3",8,2
"41",40,"block-v1:ColumbiaX+DS101X+1T2016+type@course+block@course","2","block-v1:ColumbiaX+DS101X+1T2016+type@sequential+block@c1a155f3812a4b629a5d1d2dc0780d67","block-v1:ColumbiaX+DS101X+1T2016+type@vertical+block@72d2fd00b68d4a82b2b74965bb2363ea","block-v1:ColumbiaX+DS101X+1T2016+type@video+block@7f295ff85fcb463eb08efaada1048dcf",2,1
"42",41,"block-v1:ColumbiaX+DS101X+1T2016+type@course+block@course","2","block-v1:ColumbiaX+DS101X+1T2016+type@sequential+block@252811f3fd564e928474451d8d7a6e54","block-v1:ColumbiaX+DS101X+1T2016+type@vertical+block@e0c4bfc762e44b32a9b37478cbbcb16e","block-v1:ColumbiaX+DS101X+1T2016+type@video+block@34d8da124cc4403e8ee85886dc953747",7,1
"43",42,"block-v1:ColumbiaX+DS101X+1T2016+type@course+block@course","3","block-v1:ColumbiaX+DS101X+1T2016+type@sequential+block@85fcdb5eb4d4464097bf0d36de0cd4fb","block-v1:ColumbiaX+DS101X+1T2016+type@vertical+block@31ab58419f864903afb632201bf918b7","block-v1:ColumbiaX+DS101X+1T2016+type@problem+block@1d30b23f53c74d99955ff70a7bb56037",2,2
"44",43,"block-v1:ColumbiaX+DS101X+1T2016+type@course+block@course","2","block-v1:ColumbiaX+DS101X+1T2016+type@sequential+block@6413176fefc646899275a81efec069e3","block-v1:ColumbiaX+DS101X+1T2016+type@vertical+block@618eacbd641d4c0fb9318a5608a1261f","block-v1:ColumbiaX+DS101X+1T2016+type@video+block@dd32197e0fcd4080aae7e335f40031b4",4,2
"45",44,"block-v1:ColumbiaX+DS101X+1T2016+type@course+block@course","5","block-v1:ColumbiaX+DS101X+1T2016+type@sequential+block@1a1bf55631374283a92c1588b5dfabfb","block-v1:ColumbiaX+DS101X+1T2016+type@vertical+block@cb8768791b1b4031ac52c81d8010bef5","block-v1:ColumbiaX+DS101X+1T2016+type@html+block@7fb22b1d65184edb97f4267a590c318d",5,2
"46",45,"block-v1:ColumbiaX+DS101X+1T2016+type@course+block@course","5","block-v1:ColumbiaX+DS101X+1T2016+type@sequential+block@1a1bf55631374283a92c1588b5dfabfb","block-v1:ColumbiaX+DS101X+1T2016+type@vertical+block@cb8768791b1b4031ac52c81d8010bef5","block-v1:ColumbiaX+DS101X+1T2016+type@problem+block@2b814313688a438fad8b11ff61e2aaa3",5,2
"47",46,"block-v1:ColumbiaX+DS101X+1T2016+type@course+block@course","3","block-v1:ColumbiaX+DS101X+1T2016+type@sequential+block@77e93d3b460c4ed1b545c9d5adecc905","block-v1:ColumbiaX+DS101X+1T2016+type@vertical+block@b705d825e59a418987b7994eed75a76b","block-v1:ColumbiaX+DS101X+1T2016+type@html+block@292a3404ae284f198349af48afaff2ec",6,3
"48",47,"block-v1:ColumbiaX+DS101X+1T2016+type@course+block@course","3","block-v1:ColumbiaX+DS101X+1T2016+type@sequential+block@77e93d3b460c4ed1b545c9d5adecc905","block-v1:ColumbiaX+DS101X+1T2016+type@vertical+block@b705d825e59a418987b7994eed75a76b","block-v1:ColumbiaX+DS101X+1T2016+type@discussion+block@3b0fff39ce844305ab7dbdc0cc782202",6,3
"49",48,"block-v1:ColumbiaX+DS101X+1T2016+type@course+block@course","2","block-v1:ColumbiaX+DS101X+1T2016+type@sequential+block@f76d84f241a04c3dad308025e0f0f26e","block-v1:ColumbiaX+DS101X+1T2016+type@vertical+block@990594558abf41439a2eb790540555c6","block-v1:ColumbiaX+DS101X+1T2016+type@html+block@0a5530c8d51a4f6d820d0ba8602db279",13,2
"50",49,"block-v1:ColumbiaX+DS101X+1T2016+type@course+block@course","2","block-v1:ColumbiaX+DS101X+1T2016+type@sequential+block@6b8b1f693e5b465cba5a7c177cf937c0","block-v1:ColumbiaX+DS101X+1T2016+type@vertical+block@b2a827fe5f0845328969dfa30095cc02","block-v1:ColumbiaX+DS101X+1T2016+type@video+block@d94f4c85f50f4244bae9cae00a1df273",12,1
"51",50,"block-v1:ColumbiaX+DS101X+1T2016+type@course+block@course","2","block-v1:ColumbiaX+DS101X+1T2016+type@sequential+block@6b8b1f693e5b465cba5a7c177cf937c0","block-v1:ColumbiaX+DS101X+1T2016+type@vertical+block@65252c6f828d421e993271a6a820e3eb","block-v1:ColumbiaX+DS101X+1T2016+type@html+block@1f99c2ecc96545c9aa74381d5d1317a9",12,2
"52",51,"block-v1:ColumbiaX+DS101X+1T2016+type@course+block@course","2","block-v1:ColumbiaX+DS101X+1T2016+type@sequential+block@6b8b1f693e5b465cba5a7c177cf937c0","block-v1:ColumbiaX+DS101X+1T2016+type@vertical+block@65252c6f828d421e993271a6a820e3eb","block-v1:ColumbiaX+DS101X+1T2016+type@discussion+block@830eab1fbd334c8c9178137779ac9987",12,2
"53",52,"block-v1:ColumbiaX+DS101X+1T2016+type@course+block@course","1","block-v1:ColumbiaX+DS101X+1T2016+type@sequential+block@483dc3b5e1f5472f8c8e3fedffe25425","block-v1:ColumbiaX+DS101X+1T2016+type@vertical+block@941cd86417a3478f927003e3e9091e9b","block-v1:ColumbiaX+DS101X+1T2016+type@video+block@4f512356e21a4de28ae2cf3c366dda16",6,1
"54",53,"block-v1:ColumbiaX+DS101X+1T2016+type@course+block@course","3","block-v1:ColumbiaX+DS101X+1T2016+type@sequential+block@f211eede6a944affad84c1bcb538cd49","block-v1:ColumbiaX+DS101X+1T2016+type@vertical+block@281ab18402cb4378adb7dba7567a1a3d","block-v1:ColumbiaX+DS101X+1T2016+type@video+block@cf35dc47585d430f87322bf65c1b9258",12,1
"55",54,"block-v1:ColumbiaX+DS101X+1T2016+type@course+block@course","5","block-v1:ColumbiaX+DS101X+1T2016+type@sequential+block@4819426805b543a3a8a471e402d5fa9e","block-v1:ColumbiaX+DS101X+1T2016+type@vertical+block@42ec1672ed4b43149bd8c9f62138fc95","block-v1:ColumbiaX+DS101X+1T2016+type@html+block@2423b9b8ec98420a8ab1e1dfd05052cd",2,2
"56",55,"block-v1:ColumbiaX+DS101X+1T2016+type@course+block@course","5","block-v1:ColumbiaX+DS101X+1T2016+type@sequential+block@4819426805b543a3a8a471e402d5fa9e","block-v1:ColumbiaX+DS101X+1T2016+type@vertical+block@42ec1672ed4b43149bd8c9f62138fc95","block-v1:ColumbiaX+DS101X+1T2016+type@problem+block@0e90ac3e0ea24da6ad9b01a2a625d050",2,2
"57",56,"block-v1:ColumbiaX+DS101X+1T2016+type@course+block@course","0","block-v1:ColumbiaX+DS101X+1T2016+type@sequential+block@9ef08ecb93cf4a58874a7dbdc325dbd3","block-v1:ColumbiaX+DS101X+1T2016+type@vertical+block@a6d977722cc24eafb1ca0178c1586e7f","block-v1:ColumbiaX+DS101X+1T2016+type@html+block@bd7f30844dcd45e3848c5a10f082a616",2,1
"58",57,"block-v1:ColumbiaX+DS101X+1T2016+type@course+block@course","0","block-v1:ColumbiaX+DS101X+1T2016+type@sequential+block@9ef08ecb93cf4a58874a7dbdc325dbd3","block-v1:ColumbiaX+DS101X+1T2016+type@vertical+block@a6d977722cc24eafb1ca0178c1586e7f","block-v1:ColumbiaX+DS101X+1T2016+type@discussion+block@86935e22b6b746308a4943dc349da19e",2,1
"59",58,"block-v1:ColumbiaX+DS101X+1T2016+type@course+block@course","4","block-v1:ColumbiaX+DS101X+1T2016+type@sequential+block@eb0aef45d0064e1ca0a5e4026a615ec7","block-v1:ColumbiaX+DS101X+1T2016+type@vertical+block@8fca05116c6d47749c438443870ea5db","block-v1:ColumbiaX+DS101X+1T2016+type@html+block@f2fd059d6bd843b8a5f451ae9904ebb1",9,2
"60",59,"block-v1:ColumbiaX+DS101X+1T2016+type@course+block@course","5","block-v1:ColumbiaX+DS101X+1T2016+type@sequential+block@bfc7d7cc654e4ca18db4213d5066e80c","block-v1:ColumbiaX+DS101X+1T2016+type@vertical+block@559c1062133645649086ec2e61c81168","block-v1:ColumbiaX+DS101X+1T2016+type@html+block@f8b45faa01ac4f53938941f400f354b2",11,2
"61",60,"block-v1:ColumbiaX+DS101X+1T2016+type@course+block@course","5","block-v1:ColumbiaX+DS101X+1T2016+type@sequential+block@bfc7d7cc654e4ca18db4213d5066e80c","block-v1:ColumbiaX+DS101X+1T2016+type@vertical+block@559c1062133645649086ec2e61c81168","block-v1:ColumbiaX+DS101X+1T2016+type@problem+block@6324e4f36be8425eb6f739087b0cfb3f",11,2
"62",61,"block-v1:ColumbiaX+DS101X+1T2016+type@course+block@course","5","block-v1:ColumbiaX+DS101X+1T2016+type@sequential+block@5ee34cd646a44106b7bf48edb07fac8c","block-v1:ColumbiaX+DS101X+1T2016+type@vertical+block@0a5376b159254000b99c637e9b762eea","block-v1:ColumbiaX+DS101X+1T2016+type@html+block@8574016fd57c420c8dee79ee591e59d8",15,2
"63",62,"block-v1:ColumbiaX+DS101X+1T2016+type@course+block@course","5","block-v1:ColumbiaX+DS101X+1T2016+type@sequential+block@5ee34cd646a44106b7bf48edb07fac8c","block-v1:ColumbiaX+DS101X+1T2016+type@vertical+block@0a5376b159254000b99c637e9b762eea","block-v1:ColumbiaX+DS101X+1T2016+type@discussion+block@5022730437be400fa9f00c5b795a137e",15,2
"64",63,"block-v1:ColumbiaX+DS101X+1T2016+type@course+block@course","1","block-v1:ColumbiaX+DS101X+1T2016+type@sequential+block@1687692c435540209e762942dd415ab1","block-v1:ColumbiaX+DS101X+1T2016+type@vertical+block@5d666aa070c2437f8417fd7b83f553a0","block-v1:ColumbiaX+DS101X+1T2016+type@html+block@a13a8b83ca274048902996be821eeebb",7,2
"65",64,"block-v1:ColumbiaX+DS101X+1T2016+type@course+block@course","3","block-v1:ColumbiaX+DS101X+1T2016+type@sequential+block@4a2fba9577434da59c2cea9cc84c0373","block-v1:ColumbiaX+DS101X+1T2016+type@vertical+block@bc4b2196ad8c434d850db5d936e0f38e","block-v1:ColumbiaX+DS101X+1T2016+type@html+block@b4499425e8fd49a8850f9704ad5bee12",13,3
"66",65,"block-v1:ColumbiaX+DS101X+1T2016+type@course+block@course","3","block-v1:ColumbiaX+DS101X+1T2016+type@sequential+block@4a2fba9577434da59c2cea9cc84c0373","block-v1:ColumbiaX+DS101X+1T2016+type@vertical+block@bc4b2196ad8c434d850db5d936e0f38e","block-v1:ColumbiaX+DS101X+1T2016+type@discussion+block@3b7151722c064b44befa6cff832c6ace",13,3
"67",66,"block-v1:ColumbiaX+DS101X+1T2016+type@course+block@course","3","block-v1:ColumbiaX+DS101X+1T2016+type@sequential+block@ba299edbaed24465a7f81dde7b446d2b","block-v1:ColumbiaX+DS101X+1T2016+type@vertical+block@cedc1edde61c42d981cc66deebd84529","block-v1:ColumbiaX+DS101X+1T2016+type@html+block@095e90ab3f684761a43c8bc0fbe99db7",9,3
"68",67,"block-v1:ColumbiaX+DS101X+1T2016+type@course+block@course","3","block-v1:ColumbiaX+DS101X+1T2016+type@sequential+block@ba299edbaed24465a7f81dde7b446d2b","block-v1:ColumbiaX+DS101X+1T2016+type@vertical+block@cedc1edde61c42d981cc66deebd84529","block-v1:ColumbiaX+DS101X+1T2016+type@discussion+block@257765f472194e17afb77db5b8dfe335",9,3
"69",68,"block-v1:ColumbiaX+DS101X+1T2016+type@course+block@course","5","block-v1:ColumbiaX+DS101X+1T2016+type@sequential+block@54baadd3723f4de1ae959c148f2fedf3","block-v1:ColumbiaX+DS101X+1T2016+type@vertical+block@4a39ea6a618b4cd4b45317e997197828","block-v1:ColumbiaX+DS101X+1T2016+type@html+block@883eeb1bae484b2bab4784e9c43707f1",7,2
"70",69,"block-v1:ColumbiaX+DS101X+1T2016+type@course+block@course","5","block-v1:ColumbiaX+DS101X+1T2016+type@sequential+block@54baadd3723f4de1ae959c148f2fedf3","block-v1:ColumbiaX+DS101X+1T2016+type@vertical+block@4a39ea6a618b4cd4b45317e997197828","block-v1:ColumbiaX+DS101X+1T2016+type@problem+block@34030207dac743b2b471de6693d20138",7,2
"71",70,"block-v1:ColumbiaX+DS101X+1T2016+type@course+block@course","5","block-v1:ColumbiaX+DS101X+1T2016+type@sequential+block@63d2f30ff79f443c8e0c3178ace74d73","block-v1:ColumbiaX+DS101X+1T2016+type@vertical+block@ed3516aa21f34c8f9b01965051483334","block-v1:ColumbiaX+DS101X+1T2016+type@video+block@793e1f7705474f04b0eebe41d3d61ef3",3,1
"72",71,"block-v1:ColumbiaX+DS101X+1T2016+type@course+block@course","2","block-v1:ColumbiaX+DS101X+1T2016+type@sequential+block@47b6499b1320457f836e8aecf4162d0b","block-v1:ColumbiaX+DS101X+1T2016+type@vertical+block@fc2c67a37a804cf7862f466591c4b224","block-v1:ColumbiaX+DS101X+1T2016+type@video+block@d01cda053d26407da874ec003bb22add",9,1
"73",72,"block-v1:ColumbiaX+DS101X+1T2016+type@course+block@course","3","block-v1:ColumbiaX+DS101X+1T2016+type@sequential+block@8638abf18a2a42d68bb91f42234cafed","block-v1:ColumbiaX+DS101X+1T2016+type@vertical+block@2e595f3c02194e9485e6e409c7324d27","block-v1:ColumbiaX+DS101X+1T2016+type@html+block@e97d5235aba140e39a70e4f47d5045c0",10,2
"74",73,"block-v1:ColumbiaX+DS101X+1T2016+type@course+block@course","3","block-v1:ColumbiaX+DS101X+1T2016+type@sequential+block@8638abf18a2a42d68bb91f42234cafed","block-v1:ColumbiaX+DS101X+1T2016+type@vertical+block@2e595f3c02194e9485e6e409c7324d27","block-v1:ColumbiaX+DS101X+1T2016+type@problem+block@c1cf4ed37c9e487299ecd140aa1536ec",10,2
"75",74,"block-v1:ColumbiaX+DS101X+1T2016+type@course+block@course","4","block-v1:ColumbiaX+DS101X+1T2016+type@sequential+block@8aef5d07391a40619cf6d692d4dbc997","block-v1:ColumbiaX+DS101X+1T2016+type@vertical+block@b64145338ce644eb98e24a11915f2c89","block-v1:ColumbiaX+DS101X+1T2016+type@video+block@f5ce9512afbf4cdfa27954cd4d031d00",2,1
"76",75,"block-v1:ColumbiaX+DS101X+1T2016+type@course+block@course","5","block-v1:ColumbiaX+DS101X+1T2016+type@sequential+block@0aad0cce110844cd8a29f0519b7a84e0","block-v1:ColumbiaX+DS101X+1T2016+type@vertical+block@f52378365435427ca46d9c505b79396b","block-v1:ColumbiaX+DS101X+1T2016+type@html+block@85700600980a4ac0adf5519da789be11",6,2
"77",76,"block-v1:ColumbiaX+DS101X+1T2016+type@course+block@course","5","block-v1:ColumbiaX+DS101X+1T2016+type@sequential+block@0aad0cce110844cd8a29f0519b7a84e0","block-v1:ColumbiaX+DS101X+1T2016+type@vertical+block@f52378365435427ca46d9c505b79396b","block-v1:ColumbiaX+DS101X+1T2016+type@discussion+block@9a45faa6029c4369940ea512d93e3e9b",6,2
"78",77,"block-v1:ColumbiaX+DS101X+1T2016+type@course+block@course","5","block-v1:ColumbiaX+DS101X+1T2016+type@sequential+block@54baadd3723f4de1ae959c148f2fedf3","block-v1:ColumbiaX+DS101X+1T2016+type@vertical+block@42f13db6468a4dce8d357d4dc1879b9e","block-v1:ColumbiaX+DS101X+1T2016+type@video+block@849f16129f8f4eddb5441ad6d3422b6c",7,1
"79",78,"block-v1:ColumbiaX+DS101X+1T2016+type@course+block@course","5","block-v1:ColumbiaX+DS101X+1T2016+type@sequential+block@f0e68faad4b645e28d895c1c06bcec6f","block-v1:ColumbiaX+DS101X+1T2016+type@vertical+block@df2f90a9ac4047c5bb47faff0b0a316a","block-v1:ColumbiaX+DS101X+1T2016+type@video+block@9c50f6bc575b4c08b0eab874f5c65bb1",8,1
"80",79,"block-v1:ColumbiaX+DS101X+1T2016+type@course+block@course","3","block-v1:ColumbiaX+DS101X+1T2016+type@sequential+block@3876953ce32e446bbd12a14bb87d8869","block-v1:ColumbiaX+DS101X+1T2016+type@vertical+block@5ff42fa344214ad9baa6bd104b591a3e","block-v1:ColumbiaX+DS101X+1T2016+type@html+block@0b7acdd38d9f45709cc5d76b683c5011",5,3
"81",80,"block-v1:ColumbiaX+DS101X+1T2016+type@course+block@course","3","block-v1:ColumbiaX+DS101X+1T2016+type@sequential+block@3876953ce32e446bbd12a14bb87d8869","block-v1:ColumbiaX+DS101X+1T2016+type@vertical+block@5ff42fa344214ad9baa6bd104b591a3e","block-v1:ColumbiaX+DS101X+1T2016+type@discussion+block@0985eb4b8eaf4724b38cd84ed604e111",5,3
"82",81,"block-v1:ColumbiaX+DS101X+1T2016+type@course+block@course","5","block-v1:ColumbiaX+DS101X+1T2016+type@sequential+block@bfc7d7cc654e4ca18db4213d5066e80c","block-v1:ColumbiaX+DS101X+1T2016+type@vertical+block@ec10c7914e784115ad66e2327ea6ef44","block-v1:ColumbiaX+DS101X+1T2016+type@html+block@c8a735f22b7f4be689ba848693b81a84",11,3
"83",82,"block-v1:ColumbiaX+DS101X+1T2016+type@course+block@course","5","block-v1:ColumbiaX+DS101X+1T2016+type@sequential+block@bfc7d7cc654e4ca18db4213d5066e80c","block-v1:ColumbiaX+DS101X+1T2016+type@vertical+block@ec10c7914e784115ad66e2327ea6ef44","block-v1:ColumbiaX+DS101X+1T2016+type@discussion+block@7604178593fb4677ac80f78d0775216d",11,3
"84",83,"block-v1:ColumbiaX+DS101X+1T2016+type@course+block@course","3","block-v1:ColumbiaX+DS101X+1T2016+type@sequential+block@f211eede6a944affad84c1bcb538cd49","block-v1:ColumbiaX+DS101X+1T2016+type@vertical+block@eb66965d49984882954d2204253191c2","block-v1:ColumbiaX+DS101X+1T2016+type@html+block@a8927a208f2c4e4da6c29806d9be69e3",12,2
"85",84,"block-v1:ColumbiaX+DS101X+1T2016+type@course+block@course","3","block-v1:ColumbiaX+DS101X+1T2016+type@sequential+block@f211eede6a944affad84c1bcb538cd49","block-v1:ColumbiaX+DS101X+1T2016+type@vertical+block@eb66965d49984882954d2204253191c2","block-v1:ColumbiaX+DS101X+1T2016+type@problem+block@424f240d1c234e939d8287174d143614",12,2
"86",85,"block-v1:ColumbiaX+DS101X+1T2016+type@course+block@course","2","block-v1:ColumbiaX+DS101X+1T2016+type@sequential+block@955f176034744f1493aa520f44d39df6","block-v1:ColumbiaX+DS101X+1T2016+type@vertical+block@3378a23921e14586b33130e84ef44660","block-v1:ColumbiaX+DS101X+1T2016+type@html+block@95cdf1b7ba98451b9915995f4ea4da95",3,2
"87",86,"block-v1:ColumbiaX+DS101X+1T2016+type@course+block@course","3","block-v1:ColumbiaX+DS101X+1T2016+type@sequential+block@e65a2d83a51644c39f179b0e03a2d668","block-v1:ColumbiaX+DS101X+1T2016+type@vertical+block@66bab48689ed467d8b26e9e724f7659f","block-v1:ColumbiaX+DS101X+1T2016+type@video+block@95e216909a174c51979362afcbaef829",7,2
"88",87,"block-v1:ColumbiaX+DS101X+1T2016+type@course+block@course","3","block-v1:ColumbiaX+DS101X+1T2016+type@sequential+block@3876953ce32e446bbd12a14bb87d8869","block-v1:ColumbiaX+DS101X+1T2016+type@vertical+block@421ac39270924c88ab1ddf0151d35c8d","block-v1:ColumbiaX+DS101X+1T2016+type@video+block@e0450ffa67a84989b804354081fb6975",5,1
"89",88,"block-v1:ColumbiaX+DS101X+1T2016+type@course+block@course","5","block-v1:ColumbiaX+DS101X+1T2016+type@sequential+block@fabccf9877ad4cdaaf7ab30e29bcf5a9","block-v1:ColumbiaX+DS101X+1T2016+type@vertical+block@5139738ad01744fc8df2fc783bfba28e","block-v1:ColumbiaX+DS101X+1T2016+type@video+block@a96089f4c4194acfb26ce5f913398b23",4,1
"90",89,"block-v1:ColumbiaX+DS101X+1T2016+type@course+block@course","2","block-v1:ColumbiaX+DS101X+1T2016+type@sequential+block@4e212e4f39e74b40ac9c1e1f36476d0a","block-v1:ColumbiaX+DS101X+1T2016+type@vertical+block@68193c2c658740b5848e9ad94d89e77f","block-v1:ColumbiaX+DS101X+1T2016+type@html+block@0e660ba404194a3ab790be568b62ec4c",8,2
"91",90,"block-v1:ColumbiaX+DS101X+1T2016+type@course+block@course","2","block-v1:ColumbiaX+DS101X+1T2016+type@sequential+block@d097b9c7450142bf9c7234a7690e03eb","block-v1:ColumbiaX+DS101X+1T2016+type@vertical+block@d9a442918dd1482aa9278b8caeddacda","block-v1:ColumbiaX+DS101X+1T2016+type@html+block@d56d04e49001422fb10e33f20fa5c903",15,1
"92",91,"block-v1:ColumbiaX+DS101X+1T2016+type@course+block@course","5","block-v1:ColumbiaX+DS101X+1T2016+type@sequential+block@b265d23c48424d89a289583c68dbd27e","block-v1:ColumbiaX+DS101X+1T2016+type@vertical+block@c15561f70874485cbffea4b5c08c3df0","block-v1:ColumbiaX+DS101X+1T2016+type@html+block@8ecdcf0da12e41bdb167c2c350981db3",9,2
"93",92,"block-v1:ColumbiaX+DS101X+1T2016+type@course+block@course","4","block-v1:ColumbiaX+DS101X+1T2016+type@sequential+block@25a992cc7e11480d8be63f4828f70671","block-v1:ColumbiaX+DS101X+1T2016+type@vertical+block@02a8f9af7a2e4183b85c0260ed1d78af","block-v1:ColumbiaX+DS101X+1T2016+type@problem+block@5e77b5313f1848ce8859da6aacb1930b",11,2
"94",93,"block-v1:ColumbiaX+DS101X+1T2016+type@course+block@course","4","block-v1:ColumbiaX+DS101X+1T2016+type@sequential+block@25a992cc7e11480d8be63f4828f70671","block-v1:ColumbiaX+DS101X+1T2016+type@vertical+block@69cc018b2b4640a6ae20cba18c482a83","block-v1:ColumbiaX+DS101X+1T2016+type@video+block@ffb1c94b3b6740b2af2ba0031c83ac48",11,1
"95",94,"block-v1:ColumbiaX+DS101X+1T2016+type@course+block@course","4","block-v1:ColumbiaX+DS101X+1T2016+type@sequential+block@eb0aef45d0064e1ca0a5e4026a615ec7","block-v1:ColumbiaX+DS101X+1T2016+type@vertical+block@242d2f08cdce4964b3251de96c26111b","block-v1:ColumbiaX+DS101X+1T2016+type@html+block@e082d74773b8443ca292a6cec5f0067d",9,5
"96",95,"block-v1:ColumbiaX+DS101X+1T2016+type@course+block@course","4","block-v1:ColumbiaX+DS101X+1T2016+type@sequential+block@eb0aef45d0064e1ca0a5e4026a615ec7","block-v1:ColumbiaX+DS101X+1T2016+type@vertical+block@242d2f08cdce4964b3251de96c26111b","block-v1:ColumbiaX+DS101X+1T2016+type@problem+block@2a18997098694b6294ae7c59358fdc13",9,5
"97",96,"block-v1:ColumbiaX+DS101X+1T2016+type@course+block@course","5","block-v1:ColumbiaX+DS101X+1T2016+type@sequential+block@bfc7d7cc654e4ca18db4213d5066e80c","block-v1:ColumbiaX+DS101X+1T2016+type@vertical+block@0bc36be1fab541dcb06221444a98e69d","block-v1:ColumbiaX+DS101X+1T2016+type@video+block@9e421217c04a4f8990108b3dd2692ada",11,1
"98",97,"block-v1:ColumbiaX+DS101X+1T2016+type@course+block@course","4","block-v1:ColumbiaX+DS101X+1T2016+type@sequential+block@518c66d1603343168d1589a093e12143","block-v1:ColumbiaX+DS101X+1T2016+type@vertical+block@cebb1765e23349a491cc621b9873cd6e","block-v1:ColumbiaX+DS101X+1T2016+type@html+block@92422822c7a74731b4556fdc9e07bfee",6,2
"99",98,"block-v1:ColumbiaX+DS101X+1T2016+type@course+block@course","4","block-v1:ColumbiaX+DS101X+1T2016+type@sequential+block@518c66d1603343168d1589a093e12143","block-v1:ColumbiaX+DS101X+1T2016+type@vertical+block@cebb1765e23349a491cc621b9873cd6e","block-v1:ColumbiaX+DS101X+1T2016+type@problem+block@6b12e7fbf7fb4a6282d39a6b9a2fa172",6,2
"100",99,"block-v1:ColumbiaX+DS101X+1T2016+type@course+block@course","5","block-v1:ColumbiaX+DS101X+1T2016+type@sequential+block@5ffa7d0ee931454db1407386884f40e9","block-v1:ColumbiaX+DS101X+1T2016+type@vertical+block@2f5cb52d97a94a11acd70f4654a95de6","block-v1:ColumbiaX+DS101X+1T2016+type@html+block@00c3a4bf165f448d94fa15bb1af87670",13,3
"101",100,"block-v1:ColumbiaX+DS101X+1T2016+type@course+block@course","5","block-v1:ColumbiaX+DS101X+1T2016+type@sequential+block@5ffa7d0ee931454db1407386884f40e9","block-v1:ColumbiaX+DS101X+1T2016+type@vertical+block@2f5cb52d97a94a11acd70f4654a95de6","block-v1:ColumbiaX+DS101X+1T2016+type@discussion+block@be543c8067c64343a1b5fcb51e677175",13,3
"102",101,"block-v1:ColumbiaX+DS101X+1T2016+type@course+block@course","4","block-v1:ColumbiaX+DS101X+1T2016+type@sequential+block@2498cd0969f94186b8a3dac31ba1b07a","block-v1:ColumbiaX+DS101X+1T2016+type@vertical+block@87d96b0621e74608a182a6b66ddad908","block-v1:ColumbiaX+DS101X+1T2016+type@html+block@8c9e2f2687af4ca3ba6822e0f354569a",4,2
"103",102,"block-v1:ColumbiaX+DS101X+1T2016+type@course+block@course","4","block-v1:ColumbiaX+DS101X+1T2016+type@sequential+block@eb0aef45d0064e1ca0a5e4026a615ec7","block-v1:ColumbiaX+DS101X+1T2016+type@vertical+block@302183bfa0184e44a41cc7c353d788d4","block-v1:ColumbiaX+DS101X+1T2016+type@problem+block@615a00290606432ab424fb823dc0c5fe",9,3
"104",103,"block-v1:ColumbiaX+DS101X+1T2016+type@course+block@course","5","block-v1:ColumbiaX+DS101X+1T2016+type@sequential+block@5ffa7d0ee931454db1407386884f40e9","block-v1:ColumbiaX+DS101X+1T2016+type@vertical+block@60048c30102244babc44ce3daffa2226","block-v1:ColumbiaX+DS101X+1T2016+type@video+block@6ce2b526a169473db3c67b54690931a4",13,1
"105",104,"block-v1:ColumbiaX+DS101X+1T2016+type@course+block@course","1","block-v1:ColumbiaX+DS101X+1T2016+type@sequential+block@b2ea0eee3dcc46699375fb9032abaa73","block-v1:ColumbiaX+DS101X+1T2016+type@vertical+block@acf5b21b61b04f4aa3520b1d8ed3d9f7","block-v1:ColumbiaX+DS101X+1T2016+type@video+block@923edb028520438996e323b87933b6e5",3,1
"106",105,"block-v1:ColumbiaX+DS101X+1T2016+type@course+block@course","3","block-v1:ColumbiaX+DS101X+1T2016+type@sequential+block@ba299edbaed24465a7f81dde7b446d2b","block-v1:ColumbiaX+DS101X+1T2016+type@vertical+block@7f8defcf73d34d40a1fd153c6f45d9af","block-v1:ColumbiaX+DS101X+1T2016+type@problem+block@a26cfc2d58754af6beece1beac6011ff",9,2
"107",106,"block-v1:ColumbiaX+DS101X+1T2016+type@course+block@course","5","block-v1:ColumbiaX+DS101X+1T2016+type@sequential+block@3dd23a2fca4c41cca5011a6d4a7aa3cf","block-v1:ColumbiaX+DS101X+1T2016+type@vertical+block@1240d94186d14000b5412daa56e3bef6","block-v1:ColumbiaX+DS101X+1T2016+type@video+block@78c55c2d00a846b181727ac75aeafcf4",14,1
"108",107,"block-v1:ColumbiaX+DS101X+1T2016+type@course+block@course","1","block-v1:ColumbiaX+DS101X+1T2016+type@sequential+block@997e12f24b334a5f83cd6517dc169a14","block-v1:ColumbiaX+DS101X+1T2016+type@vertical+block@35b99a3529b048f588a17bd4324ce8c5","block-v1:ColumbiaX+DS101X+1T2016+type@video+block@56bf33be97354eaeb7a7a0d300f1e5cd",4,1
"109",108,"block-v1:ColumbiaX+DS101X+1T2016+type@course+block@course","1","block-v1:ColumbiaX+DS101X+1T2016+type@sequential+block@a3d1564a11ff4f7b9fab9ca463252804","block-v1:ColumbiaX+DS101X+1T2016+type@vertical+block@84c62e006bc84cba985e74113d26ec1a","block-v1:ColumbiaX+DS101X+1T2016+type@html+block@3bf870cfbf3843b18f8bdec02f6d7dce",11,1
"110",109,"block-v1:ColumbiaX+DS101X+1T2016+type@course+block@course","1","block-v1:ColumbiaX+DS101X+1T2016+type@sequential+block@a3d1564a11ff4f7b9fab9ca463252804","block-v1:ColumbiaX+DS101X+1T2016+type@vertical+block@84c62e006bc84cba985e74113d26ec1a","block-v1:ColumbiaX+DS101X+1T2016+type@problem+block@3386985350bb4964a03a02ac5e39397d",11,1
"111",110,"block-v1:ColumbiaX+DS101X+1T2016+type@course+block@course","1","block-v1:ColumbiaX+DS101X+1T2016+type@sequential+block@a3d1564a11ff4f7b9fab9ca463252804","block-v1:ColumbiaX+DS101X+1T2016+type@vertical+block@84c62e006bc84cba985e74113d26ec1a","block-v1:ColumbiaX+DS101X+1T2016+type@html+block@5848c7548e804fe4b76b8008ebae9c61",11,1
"112",111,"block-v1:ColumbiaX+DS101X+1T2016+type@course+block@course","5","block-v1:ColumbiaX+DS101X+1T2016+type@sequential+block@53f3c2434533474fabf05ed72ae9b56f","block-v1:ColumbiaX+DS101X+1T2016+type@vertical+block@f239cd8bad314287b23c84ce1e93f455","block-v1:ColumbiaX+DS101X+1T2016+type@html+block@afbb336ad67c40aa97003a61277c0800",1,1
"113",112,"block-v1:ColumbiaX+DS101X+1T2016+type@course+block@course","3","block-v1:ColumbiaX+DS101X+1T2016+type@sequential+block@4a2fba9577434da59c2cea9cc84c0373","block-v1:ColumbiaX+DS101X+1T2016+type@vertical+block@27007f4e74d8444e82839bc493ee8925","block-v1:ColumbiaX+DS101X+1T2016+type@problem+block@680cdf6b551b4fe1a78409847a383126",13,2
"114",113,"block-v1:ColumbiaX+DS101X+1T2016+type@course+block@course","3","block-v1:ColumbiaX+DS101X+1T2016+type@sequential+block@4a2fba9577434da59c2cea9cc84c0373","block-v1:ColumbiaX+DS101X+1T2016+type@vertical+block@27007f4e74d8444e82839bc493ee8925","block-v1:ColumbiaX+DS101X+1T2016+type@html+block@97b14b01ebf74d0889aafa1868a3d55a",13,2
"115",114,"block-v1:ColumbiaX+DS101X+1T2016+type@course+block@course","5","block-v1:ColumbiaX+DS101X+1T2016+type@sequential+block@0aad0cce110844cd8a29f0519b7a84e0","block-v1:ColumbiaX+DS101X+1T2016+type@vertical+block@2049c735c2f04c11a8cf7516dcbbf747","block-v1:ColumbiaX+DS101X+1T2016+type@video+block@a5fe5a8ea07c4cb7b50096d4809740bd",6,1
"116",115,"block-v1:ColumbiaX+DS101X+1T2016+type@course+block@course","5","block-v1:ColumbiaX+DS101X+1T2016+type@sequential+block@1a1bf55631374283a92c1588b5dfabfb","block-v1:ColumbiaX+DS101X+1T2016+type@vertical+block@0cb5eaa39b764f77a9dc80d5c457257c","block-v1:ColumbiaX+DS101X+1T2016+type@video+block@2f8ce973cbea42d3b31917267c37ec08",5,1
"117",116,"block-v1:ColumbiaX+DS101X+1T2016+type@course+block@course","2","block-v1:ColumbiaX+DS101X+1T2016+type@sequential+block@6413176fefc646899275a81efec069e3","block-v1:ColumbiaX+DS101X+1T2016+type@vertical+block@c593e987d302491d9de853b92bd18849","block-v1:ColumbiaX+DS101X+1T2016+type@html+block@a1767490360a44bfb409f84309e63b46",4,3
"118",117,"block-v1:ColumbiaX+DS101X+1T2016+type@course+block@course","4","block-v1:ColumbiaX+DS101X+1T2016+type@sequential+block@1942685cb26f40f1bbb57891713acde0","block-v1:ColumbiaX+DS101X+1T2016+type@vertical+block@1e5f2ba4bc8748bb87a64d979baa465d","block-v1:ColumbiaX+DS101X+1T2016+type@video+block@ea3dcc7945f349b7ba63384da98243e2",10,1
"119",118,"block-v1:ColumbiaX+DS101X+1T2016+type@course+block@course","2","block-v1:ColumbiaX+DS101X+1T2016+type@sequential+block@955f176034744f1493aa520f44d39df6","block-v1:ColumbiaX+DS101X+1T2016+type@vertical+block@a3174ea3cb4b4874af2d5c0f39401721","block-v1:ColumbiaX+DS101X+1T2016+type@html+block@2d2c5659a81b4c4493cc82479038b788",3,3
"120",119,"block-v1:ColumbiaX+DS101X+1T2016+type@course+block@course","2","block-v1:ColumbiaX+DS101X+1T2016+type@sequential+block@955f176034744f1493aa520f44d39df6","block-v1:ColumbiaX+DS101X+1T2016+type@vertical+block@a3174ea3cb4b4874af2d5c0f39401721","block-v1:ColumbiaX+DS101X+1T2016+type@discussion+block@c5b02b3c0cab4650b064e693fe020bf4",3,3
"121",120,"block-v1:ColumbiaX+DS101X+1T2016+type@course+block@course","2","block-v1:ColumbiaX+DS101X+1T2016+type@sequential+block@47b6499b1320457f836e8aecf4162d0b","block-v1:ColumbiaX+DS101X+1T2016+type@vertical+block@c6c96a8ac57b4fd9b4aa68d3216b1fee","block-v1:ColumbiaX+DS101X+1T2016+type@video+block@49da536e21114606858abece06144a13",9,2
"122",121,"block-v1:ColumbiaX+DS101X+1T2016+type@course+block@course","2","block-v1:ColumbiaX+DS101X+1T2016+type@sequential+block@47b6499b1320457f836e8aecf4162d0b","block-v1:ColumbiaX+DS101X+1T2016+type@vertical+block@c6c96a8ac57b4fd9b4aa68d3216b1fee","block-v1:ColumbiaX+DS101X+1T2016+type@html+block@b4c487fb4f77450f9b8b77aabecf3418",9,2
"123",122,"block-v1:ColumbiaX+DS101X+1T2016+type@course+block@course","2","block-v1:ColumbiaX+DS101X+1T2016+type@sequential+block@6e4cabeeddce4794a9a3a31f1ebf68d4","block-v1:ColumbiaX+DS101X+1T2016+type@vertical+block@6eb6566f363c4ad59c5a1ad7c2678051","block-v1:ColumbiaX+DS101X+1T2016+type@html+block@a3017904557f49bba40e68cfd38ca374",5,3
"124",123,"block-v1:ColumbiaX+DS101X+1T2016+type@course+block@course","2","block-v1:ColumbiaX+DS101X+1T2016+type@sequential+block@6e4cabeeddce4794a9a3a31f1ebf68d4","block-v1:ColumbiaX+DS101X+1T2016+type@vertical+block@6eb6566f363c4ad59c5a1ad7c2678051","block-v1:ColumbiaX+DS101X+1T2016+type@discussion+block@2261d61d45404032bb79867a775a3e7c",5,3
"125",124,"block-v1:ColumbiaX+DS101X+1T2016+type@course+block@course","4","block-v1:ColumbiaX+DS101X+1T2016+type@sequential+block@0b7a1041b6c7477a8de54e6d7f4597d1","block-v1:ColumbiaX+DS101X+1T2016+type@vertical+block@e67c4678e56745d6ad27284d21760d27","block-v1:ColumbiaX+DS101X+1T2016+type@video+block@6a996072efdf4f759cb1067fde521b61",3,1
"126",125,"block-v1:ColumbiaX+DS101X+1T2016+type@course+block@course","3","block-v1:ColumbiaX+DS101X+1T2016+type@sequential+block@ba299edbaed24465a7f81dde7b446d2b","block-v1:ColumbiaX+DS101X+1T2016+type@vertical+block@3e42bb9aa4b64ee38616686040801d9a","block-v1:ColumbiaX+DS101X+1T2016+type@video+block@3bab22c5c34e4316b47dcb559596a9f4",9,1
"127",126,"block-v1:ColumbiaX+DS101X+1T2016+type@course+block@course","4","block-v1:ColumbiaX+DS101X+1T2016+type@sequential+block@075891b9caaa4002b62d7965b74728c4","block-v1:ColumbiaX+DS101X+1T2016+type@vertical+block@6b0e4aa3b96a46b4af442504cc5df00d","block-v1:ColumbiaX+DS101X+1T2016+type@html+block@c9bbd49533aa43c5a55fc35550d653b7",7,3
"128",127,"block-v1:ColumbiaX+DS101X+1T2016+type@course+block@course","4","block-v1:ColumbiaX+DS101X+1T2016+type@sequential+block@075891b9caaa4002b62d7965b74728c4","block-v1:ColumbiaX+DS101X+1T2016+type@vertical+block@6b0e4aa3b96a46b4af442504cc5df00d","block-v1:ColumbiaX+DS101X+1T2016+type@discussion+block@525dc3a15f6c425d9c7e88f3f218186d",7,3
"129",128,"block-v1:ColumbiaX+DS101X+1T2016+type@course+block@course","4","block-v1:ColumbiaX+DS101X+1T2016+type@sequential+block@6581c8e02f0e4bc2ab7ef43e285db356","block-v1:ColumbiaX+DS101X+1T2016+type@vertical+block@be5b1322af9541bb929f0a430dc9a1ab","block-v1:ColumbiaX+DS101X+1T2016+type@video+block@da966be6deff48869cd1f5ed7d32a4b6",12,1
"130",129,"block-v1:ColumbiaX+DS101X+1T2016+type@course+block@course","3","block-v1:ColumbiaX+DS101X+1T2016+type@sequential+block@8e987710187342fc9b41a5bf1b3ab6a3","block-v1:ColumbiaX+DS101X+1T2016+type@vertical+block@e3fc7800e4c34c2992105df397bfb6e9","block-v1:ColumbiaX+DS101X+1T2016+type@video+block@9e0b84a74cc14d16817f5026d3416d54",11,1
"131",130,"block-v1:ColumbiaX+DS101X+1T2016+type@course+block@course","1","block-v1:ColumbiaX+DS101X+1T2016+type@sequential+block@6c9cf4daa4be4cb5987afb447b06b971","block-v1:ColumbiaX+DS101X+1T2016+type@vertical+block@b747b61fc3794f54afcb099595f7f1db","block-v1:ColumbiaX+DS101X+1T2016+type@html+block@a7ebb22eb5374537846c156b88d79da6",10,1
"132",131,"block-v1:ColumbiaX+DS101X+1T2016+type@course+block@course","1","block-v1:ColumbiaX+DS101X+1T2016+type@sequential+block@6c9cf4daa4be4cb5987afb447b06b971","block-v1:ColumbiaX+DS101X+1T2016+type@vertical+block@b747b61fc3794f54afcb099595f7f1db","block-v1:ColumbiaX+DS101X+1T2016+type@problem+block@e5ce0ae768894afc80cb320b48ca5b3b",10,1
"133",132,"block-v1:ColumbiaX+DS101X+1T2016+type@course+block@course","1","block-v1:ColumbiaX+DS101X+1T2016+type@sequential+block@71fb541816b24dde87103db6ed18ac60","block-v1:ColumbiaX+DS101X+1T2016+type@vertical+block@b639b2b4998f480cbc27cbd23b4034c1","block-v1:ColumbiaX+DS101X+1T2016+type@video+block@81781aa3a7f44203b76e89c5ca6d46dd",5,1
"134",133,"block-v1:ColumbiaX+DS101X+1T2016+type@course+block@course","5","block-v1:ColumbiaX+DS101X+1T2016+type@sequential+block@f6ed9233b5bb472aa5a776d838e06642","block-v1:ColumbiaX+DS101X+1T2016+type@vertical+block@bb646ea496774ab18d3ca83a99bef3b4","block-v1:ColumbiaX+DS101X+1T2016+type@problem+block@9f538688bcad4d3c840f2c204ccee84b",16,1
"135",134,"block-v1:ColumbiaX+DS101X+1T2016+type@course+block@course","5","block-v1:ColumbiaX+DS101X+1T2016+type@sequential+block@f6ed9233b5bb472aa5a776d838e06642","block-v1:ColumbiaX+DS101X+1T2016+type@vertical+block@bb646ea496774ab18d3ca83a99bef3b4","block-v1:ColumbiaX+DS101X+1T2016+type@html+block@b3d42915b1dc414ba29657e9d55cf572",16,1
"136",135,"block-v1:ColumbiaX+DS101X+1T2016+type@course+block@course","2","block-v1:ColumbiaX+DS101X+1T2016+type@sequential+block@6eb57c3fb752491c9355363ed9b3e277","block-v1:ColumbiaX+DS101X+1T2016+type@vertical+block@d64f5701d3e44fbdb93f9ecab5eab86d","block-v1:ColumbiaX+DS101X+1T2016+type@video+block@1b7a865f486542bfbcc2ac2380fd1cdd",1,1
"137",136,"block-v1:ColumbiaX+DS101X+1T2016+type@course+block@course","1","block-v1:ColumbiaX+DS101X+1T2016+type@sequential+block@daf3ed8b63154f85a2e9339cf2f99a98","block-v1:ColumbiaX+DS101X+1T2016+type@vertical+block@488c540725244167a653b4e97b16d929","block-v1:ColumbiaX+DS101X+1T2016+type@html+block@41380ed6058b47739463d6c10f1003f8",9,2
"138",137,"block-v1:ColumbiaX+DS101X+1T2016+type@course+block@course","1","block-v1:ColumbiaX+DS101X+1T2016+type@sequential+block@daf3ed8b63154f85a2e9339cf2f99a98","block-v1:ColumbiaX+DS101X+1T2016+type@vertical+block@488c540725244167a653b4e97b16d929","block-v1:ColumbiaX+DS101X+1T2016+type@discussion+block@2870e078da044146a16ce9338b9fef56",9,2
"139",138,"block-v1:ColumbiaX+DS101X+1T2016+type@course+block@course","1","block-v1:ColumbiaX+DS101X+1T2016+type@sequential+block@10857aaed5ab4e7a80fb46e9246ca174","block-v1:ColumbiaX+DS101X+1T2016+type@vertical+block@27d55c45af694affabb8dd5fe610bfc3","block-v1:ColumbiaX+DS101X+1T2016+type@video+block@a1fe279386774c4b899780c2909ac3fd",8,1
"140",139,"block-v1:ColumbiaX+DS101X+1T2016+type@course+block@course","5","block-v1:ColumbiaX+DS101X+1T2016+type@sequential+block@4819426805b543a3a8a471e402d5fa9e","block-v1:ColumbiaX+DS101X+1T2016+type@vertical+block@c958807f943446a5972b6d4de60138e9","block-v1:ColumbiaX+DS101X+1T2016+type@video+block@352ff321d5a642aebc66d2ec7f7c8926",2,1
"141",140,"block-v1:ColumbiaX+DS101X+1T2016+type@course+block@course","4","block-v1:ColumbiaX+DS101X+1T2016+type@sequential+block@075891b9caaa4002b62d7965b74728c4","block-v1:ColumbiaX+DS101X+1T2016+type@vertical+block@dc161614d72a492f85f1693df4cb12a3","block-v1:ColumbiaX+DS101X+1T2016+type@html+block@a872b5c9513c4f1196d76a7c216f9a32",7,2
"142",141,"block-v1:ColumbiaX+DS101X+1T2016+type@course+block@course","4","block-v1:ColumbiaX+DS101X+1T2016+type@sequential+block@075891b9caaa4002b62d7965b74728c4","block-v1:ColumbiaX+DS101X+1T2016+type@vertical+block@dc161614d72a492f85f1693df4cb12a3","block-v1:ColumbiaX+DS101X+1T2016+type@html+block@b768dc0f238749ee941bfd87bc7e0045",7,2
"143",142,"block-v1:ColumbiaX+DS101X+1T2016+type@course+block@course","4","block-v1:ColumbiaX+DS101X+1T2016+type@sequential+block@075891b9caaa4002b62d7965b74728c4","block-v1:ColumbiaX+DS101X+1T2016+type@vertical+block@dc161614d72a492f85f1693df4cb12a3","block-v1:ColumbiaX+DS101X+1T2016+type@discussion+block@749c41a36ac949179c76091d73174dbb",7,2
"144",143,"block-v1:ColumbiaX+DS101X+1T2016+type@course+block@course","2","block-v1:ColumbiaX+DS101X+1T2016+type@sequential+block@8252d37328a845bba30e313273c6b132","block-v1:ColumbiaX+DS101X+1T2016+type@vertical+block@49469882bd9f426d8869658bdcf3e6de","block-v1:ColumbiaX+DS101X+1T2016+type@video+block@f70e718980284774976367848885d1b1",14,1
"145",144,"block-v1:ColumbiaX+DS101X+1T2016+type@course+block@course","2","block-v1:ColumbiaX+DS101X+1T2016+type@sequential+block@8252d37328a845bba30e313273c6b132","block-v1:ColumbiaX+DS101X+1T2016+type@vertical+block@eba6ee68814e4e8c995c4f73f04214fb","block-v1:ColumbiaX+DS101X+1T2016+type@html+block@7990f2eb2b6149aa9659a5513252c087",14,2
"146",145,"block-v1:ColumbiaX+DS101X+1T2016+type@course+block@course","2","block-v1:ColumbiaX+DS101X+1T2016+type@sequential+block@8252d37328a845bba30e313273c6b132","block-v1:ColumbiaX+DS101X+1T2016+type@vertical+block@eba6ee68814e4e8c995c4f73f04214fb","block-v1:ColumbiaX+DS101X+1T2016+type@discussion+block@9975fdc7d1ee47f19318a3e0c557981a",14,2
"147",146,"block-v1:ColumbiaX+DS101X+1T2016+type@course+block@course","4","block-v1:ColumbiaX+DS101X+1T2016+type@sequential+block@8738fe72fc984d89a26eb8301dc83e31","block-v1:ColumbiaX+DS101X+1T2016+type@vertical+block@6e050c95bac84b3bb42fd58b3dbca270","block-v1:ColumbiaX+DS101X+1T2016+type@video+block@77e9f511d9ce4b7cba40e8f3c286476d",8,1
"148",147,"block-v1:ColumbiaX+DS101X+1T2016+type@course+block@course","2","block-v1:ColumbiaX+DS101X+1T2016+type@sequential+block@6eb57c3fb752491c9355363ed9b3e277","block-v1:ColumbiaX+DS101X+1T2016+type@vertical+block@57fa7731b4b74bd5a595387e7a85ce03","block-v1:ColumbiaX+DS101X+1T2016+type@video+block@3c3e5fe59b7f4bd0ad60650dc430e609",1,2
"149",148,"block-v1:ColumbiaX+DS101X+1T2016+type@course+block@course","4","block-v1:ColumbiaX+DS101X+1T2016+type@sequential+block@2498cd0969f94186b8a3dac31ba1b07a","block-v1:ColumbiaX+DS101X+1T2016+type@vertical+block@cafef02c4c46482aaa9ea6b4a6d6e0de","block-v1:ColumbiaX+DS101X+1T2016+type@video+block@6cd6267c445448619a3fd6504f2a16e3",4,1
"150",149,"block-v1:ColumbiaX+DS101X+1T2016+type@course+block@course","3","block-v1:ColumbiaX+DS101X+1T2016+type@sequential+block@e7c765ceabcf4ac7950b2fa338fa0190","block-v1:ColumbiaX+DS101X+1T2016+type@vertical+block@bccadf27bc74431bab3e5a69be6893a2","block-v1:ColumbiaX+DS101X+1T2016+type@video+block@e76d6c005dd54bb4af93078bb6bb9dd0",3,1
"151",150,"block-v1:ColumbiaX+DS101X+1T2016+type@course+block@course","3","block-v1:ColumbiaX+DS101X+1T2016+type@sequential+block@77e93d3b460c4ed1b545c9d5adecc905","block-v1:ColumbiaX+DS101X+1T2016+type@vertical+block@b93a106664bc45d8aa86c69ad5d8fb67","block-v1:ColumbiaX+DS101X+1T2016+type@video+block@79b59e766d104596a1295c600f33f152",6,2
"152",151,"block-v1:ColumbiaX+DS101X+1T2016+type@course+block@course","4","block-v1:ColumbiaX+DS101X+1T2016+type@sequential+block@6581c8e02f0e4bc2ab7ef43e285db356","block-v1:ColumbiaX+DS101X+1T2016+type@vertical+block@49228ccb3f12498a81f1a137458fc413","block-v1:ColumbiaX+DS101X+1T2016+type@html+block@5fa41695dffd4c4fa5aaf6cbd21224b8",12,2
"153",152,"block-v1:ColumbiaX+DS101X+1T2016+type@course+block@course","4","block-v1:ColumbiaX+DS101X+1T2016+type@sequential+block@6581c8e02f0e4bc2ab7ef43e285db356","block-v1:ColumbiaX+DS101X+1T2016+type@vertical+block@49228ccb3f12498a81f1a137458fc413","block-v1:ColumbiaX+DS101X+1T2016+type@problem+block@7f34d146d59a40e1b457f55d6659e571",12,2
"154",153,"block-v1:ColumbiaX+DS101X+1T2016+type@course+block@course","4","block-v1:ColumbiaX+DS101X+1T2016+type@sequential+block@6581c8e02f0e4bc2ab7ef43e285db356","block-v1:ColumbiaX+DS101X+1T2016+type@vertical+block@49228ccb3f12498a81f1a137458fc413","block-v1:ColumbiaX+DS101X+1T2016+type@html+block@af27860cb63b4e7db0915f290b7de212",12,2
"155",154,"block-v1:ColumbiaX+DS101X+1T2016+type@course+block@course","1","block-v1:ColumbiaX+DS101X+1T2016+type@sequential+block@daf3ed8b63154f85a2e9339cf2f99a98","block-v1:ColumbiaX+DS101X+1T2016+type@vertical+block@d247ca27242d4821a04cfd2126c4bb1f","block-v1:ColumbiaX+DS101X+1T2016+type@video+block@83d26afbc80845d5aefa6df53c87ef63",9,1
"156",155,"block-v1:ColumbiaX+DS101X+1T2016+type@course+block@course","2","block-v1:ColumbiaX+DS101X+1T2016+type@sequential+block@955f176034744f1493aa520f44d39df6","block-v1:ColumbiaX+DS101X+1T2016+type@vertical+block@7fc0bf7c27a4462da99b24c8bab96f7b","block-v1:ColumbiaX+DS101X+1T2016+type@video+block@37e6ec60efa74f0d8b0a35a6fbfc6e62",3,1
"157",156,"block-v1:ColumbiaX+DS101X+1T2016+type@course+block@course","4","block-v1:ColumbiaX+DS101X+1T2016+type@sequential+block@eb0aef45d0064e1ca0a5e4026a615ec7","block-v1:ColumbiaX+DS101X+1T2016+type@vertical+block@af0ef8245a3548a59d4f26d4db7c8bf3","block-v1:ColumbiaX+DS101X+1T2016+type@html+block@50575bfadf0c41448da6d0ed0de9530e",9,4
"158",157,"block-v1:ColumbiaX+DS101X+1T2016+type@course+block@course","4","block-v1:ColumbiaX+DS101X+1T2016+type@sequential+block@eb0aef45d0064e1ca0a5e4026a615ec7","block-v1:ColumbiaX+DS101X+1T2016+type@vertical+block@af0ef8245a3548a59d4f26d4db7c8bf3","block-v1:ColumbiaX+DS101X+1T2016+type@discussion+block@fba2a46edbed4c2fb63f1f8de2dd6492",9,4
"159",158,"block-v1:ColumbiaX+DS101X+1T2016+type@course+block@course","3","block-v1:ColumbiaX+DS101X+1T2016+type@sequential+block@e65a2d83a51644c39f179b0e03a2d668","block-v1:ColumbiaX+DS101X+1T2016+type@vertical+block@071b771efe474b2498a3108c9f2344f7","block-v1:ColumbiaX+DS101X+1T2016+type@html+block@85ab336dfac945a18d7ccac2ee65fb63",7,3
"160",159,"block-v1:ColumbiaX+DS101X+1T2016+type@course+block@course","3","block-v1:ColumbiaX+DS101X+1T2016+type@sequential+block@e65a2d83a51644c39f179b0e03a2d668","block-v1:ColumbiaX+DS101X+1T2016+type@vertical+block@071b771efe474b2498a3108c9f2344f7","block-v1:ColumbiaX+DS101X+1T2016+type@discussion+block@2896910bb3594dadad5eae178d66b28b",7,3
"161",160,"block-v1:ColumbiaX+DS101X+1T2016+type@course+block@course","2","block-v1:ColumbiaX+DS101X+1T2016+type@sequential+block@6413176fefc646899275a81efec069e3","block-v1:ColumbiaX+DS101X+1T2016+type@vertical+block@0561718351bb46bcb1a08f90172c7638","block-v1:ColumbiaX+DS101X+1T2016+type@video+block@7b8b27ed85dd4239922d38e8a532e104",4,1
"162",161,"block-v1:ColumbiaX+DS101X+1T2016+type@course+block@course","3","block-v1:ColumbiaX+DS101X+1T2016+type@sequential+block@77e93d3b460c4ed1b545c9d5adecc905","block-v1:ColumbiaX+DS101X+1T2016+type@vertical+block@e54dcc5acc084c19a0f9c7a34eb610f7","block-v1:ColumbiaX+DS101X+1T2016+type@video+block@6858f0546d114150bc162ca7b52177f1",6,1
"163",162,"block-v1:ColumbiaX+DS101X+1T2016+type@course+block@course","3","block-v1:ColumbiaX+DS101X+1T2016+type@sequential+block@5b16d9f7807944fba9447068491a6bf5","block-v1:ColumbiaX+DS101X+1T2016+type@vertical+block@b49aeed184cb4f7b9609229e084fca99","block-v1:ColumbiaX+DS101X+1T2016+type@video+block@6942c7fc13fb44d79a5ac5115038a8d3",8,1
"164",163,"block-v1:ColumbiaX+DS101X+1T2016+type@course+block@course","3","block-v1:ColumbiaX+DS101X+1T2016+type@sequential+block@4a2fba9577434da59c2cea9cc84c0373","block-v1:ColumbiaX+DS101X+1T2016+type@vertical+block@8e369766ab874dc48207eaa2d25c6618","block-v1:ColumbiaX+DS101X+1T2016+type@video+block@9256899cf56e46c485bdad14ea2c1bb3",13,1
"165",164,"block-v1:ColumbiaX+DS101X+1T2016+type@course+block@course","2","block-v1:ColumbiaX+DS101X+1T2016+type@sequential+block@6e4cabeeddce4794a9a3a31f1ebf68d4","block-v1:ColumbiaX+DS101X+1T2016+type@vertical+block@7dbe239233b14953aa73a96a05882d63","block-v1:ColumbiaX+DS101X+1T2016+type@video+block@db7b9ad838c246a7b1e2b94a5427ee92",5,1
"166",165,"block-v1:ColumbiaX+DS101X+1T2016+type@course+block@course","2","block-v1:ColumbiaX+DS101X+1T2016+type@sequential+block@c1a155f3812a4b629a5d1d2dc0780d67","block-v1:ColumbiaX+DS101X+1T2016+type@vertical+block@7522528ce585457495a6e457adf53aaa","block-v1:ColumbiaX+DS101X+1T2016+type@html+block@aa61176160584494afc68c0412978752",2,2
"167",166,"block-v1:ColumbiaX+DS101X+1T2016+type@course+block@course","2","block-v1:ColumbiaX+DS101X+1T2016+type@sequential+block@c1a155f3812a4b629a5d1d2dc0780d67","block-v1:ColumbiaX+DS101X+1T2016+type@vertical+block@7522528ce585457495a6e457adf53aaa","block-v1:ColumbiaX+DS101X+1T2016+type@problem+block@23c3e4939e934a078493bc0cf0df8148",2,2
"168",167,"block-v1:ColumbiaX+DS101X+1T2016+type@course+block@course","2","block-v1:ColumbiaX+DS101X+1T2016+type@sequential+block@0c0745b7de6142eeb00ca749c8fab20d","block-v1:ColumbiaX+DS101X+1T2016+type@vertical+block@7c38f185e198435b9426892047e359a2","block-v1:ColumbiaX+DS101X+1T2016+type@problem+block@672fd4ca9dce4f3aad9ec4a20e33c110",11,2
"169",168,"block-v1:ColumbiaX+DS101X+1T2016+type@course+block@course","2","block-v1:ColumbiaX+DS101X+1T2016+type@sequential+block@0c0745b7de6142eeb00ca749c8fab20d","block-v1:ColumbiaX+DS101X+1T2016+type@vertical+block@7c38f185e198435b9426892047e359a2","block-v1:ColumbiaX+DS101X+1T2016+type@html+block@f8221b2ff85c4af3b3a4c2ebec316009",11,2
"170",169,"block-v1:ColumbiaX+DS101X+1T2016+type@course+block@course","5","block-v1:ColumbiaX+DS101X+1T2016+type@sequential+block@b265d23c48424d89a289583c68dbd27e","block-v1:ColumbiaX+DS101X+1T2016+type@vertical+block@55231d11efde41298a0adfce5e3638f7","block-v1:ColumbiaX+DS101X+1T2016+type@video+block@39e32fde495b4fe18462bbe11480baa4",9,1
"171",170,"block-v1:ColumbiaX+DS101X+1T2016+type@course+block@course","5","block-v1:ColumbiaX+DS101X+1T2016+type@sequential+block@5ee34cd646a44106b7bf48edb07fac8c","block-v1:ColumbiaX+DS101X+1T2016+type@vertical+block@b60a9cf10292452783a5de52aabcf952","block-v1:ColumbiaX+DS101X+1T2016+type@video+block@67a3d37c934e4481bc5a26941f1b60d9",15,1
"172",171,"block-v1:ColumbiaX+DS101X+1T2016+type@course+block@course","2","block-v1:ColumbiaX+DS101X+1T2016+type@sequential+block@6eb57c3fb752491c9355363ed9b3e277","block-v1:ColumbiaX+DS101X+1T2016+type@vertical+block@06f80f2b10204ed7bfc7310f1e2b3255","block-v1:ColumbiaX+DS101X+1T2016+type@html+block@ccf5789a2de648aabe14a8801e995ba3",1,3
"173",172,"block-v1:ColumbiaX+DS101X+1T2016+type@course+block@course","2","block-v1:ColumbiaX+DS101X+1T2016+type@sequential+block@6eb57c3fb752491c9355363ed9b3e277","block-v1:ColumbiaX+DS101X+1T2016+type@vertical+block@06f80f2b10204ed7bfc7310f1e2b3255","block-v1:ColumbiaX+DS101X+1T2016+type@problem+block@1324b613aec242ceb955f5999914b830",1,3
"174",173,"block-v1:ColumbiaX+DS101X+1T2016+type@course+block@course","3","block-v1:ColumbiaX+DS101X+1T2016+type@sequential+block@f211eede6a944affad84c1bcb538cd49","block-v1:ColumbiaX+DS101X+1T2016+type@vertical+block@198258b91a2c42cdbc26f00b94ce5e9d","block-v1:ColumbiaX+DS101X+1T2016+type@problem+block@ebc2d7c99d2f467ea033aa50ec9c7c92",12,3
"175",174,"block-v1:ColumbiaX+DS101X+1T2016+type@course+block@course","4","block-v1:ColumbiaX+DS101X+1T2016+type@sequential+block@eb0aef45d0064e1ca0a5e4026a615ec7","block-v1:ColumbiaX+DS101X+1T2016+type@vertical+block@011856bafbbf40fba7a544856be8a080","block-v1:ColumbiaX+DS101X+1T2016+type@video+block@649d17a2dbb947cc84866033264ed4fa",9,1
"176",175,"block-v1:ColumbiaX+DS101X+1T2016+type@course+block@course","1","block-v1:ColumbiaX+DS101X+1T2016+type@sequential+block@1687692c435540209e762942dd415ab1","block-v1:ColumbiaX+DS101X+1T2016+type@vertical+block@8cae367694c94d2aaaff4bd9893bc32b","block-v1:ColumbiaX+DS101X+1T2016+type@video+block@5ce1329a24c749da8eb2b8666857e074",7,1
"177",176,"block-v1:ColumbiaX+DS101X+1T2016+type@course+block@course","1","block-v1:ColumbiaX+DS101X+1T2016+type@sequential+block@9ba7caa9efaf4b86b7521534f9c841d5","block-v1:ColumbiaX+DS101X+1T2016+type@vertical+block@59526404ca5c4eb4be70ff37caade675","block-v1:ColumbiaX+DS101X+1T2016+type@html+block@448df295f31043cab44301e7079ccb45",1,1
"178",177,"block-v1:ColumbiaX+DS101X+1T2016+type@course+block@course","2","block-v1:ColumbiaX+DS101X+1T2016+type@sequential+block@6e4cabeeddce4794a9a3a31f1ebf68d4","block-v1:ColumbiaX+DS101X+1T2016+type@vertical+block@9ba7e48db24f4b53884d0500c79b9aa2","block-v1:ColumbiaX+DS101X+1T2016+type@html+block@6233b75c28da42a8a95dac4b13ed4fc2",5,2
"179",178,"block-v1:ColumbiaX+DS101X+1T2016+type@course+block@course","2","block-v1:ColumbiaX+DS101X+1T2016+type@sequential+block@6e4cabeeddce4794a9a3a31f1ebf68d4","block-v1:ColumbiaX+DS101X+1T2016+type@vertical+block@9ba7e48db24f4b53884d0500c79b9aa2","block-v1:ColumbiaX+DS101X+1T2016+type@problem+block@a0b598ce41c34be090166f55352ecd72",5,2
"180",179,"block-v1:ColumbiaX+DS101X+1T2016+type@course+block@course","3","block-v1:ColumbiaX+DS101X+1T2016+type@sequential+block@8638abf18a2a42d68bb91f42234cafed","block-v1:ColumbiaX+DS101X+1T2016+type@vertical+block@5e2aadc7ee084ee8a52b32586acc0de3","block-v1:ColumbiaX+DS101X+1T2016+type@video+block@15d393b493bb495bbfa7630c33d097e7",10,1
"181",180,"block-v1:ColumbiaX+DS101X+1T2016+type@course+block@course","5","block-v1:ColumbiaX+DS101X+1T2016+type@sequential+block@04b137cd55f54d75ba158939e28c1017","block-v1:ColumbiaX+DS101X+1T2016+type@vertical+block@1b4dbea2971148bcb7d5051ca721f8c7","block-v1:ColumbiaX+DS101X+1T2016+type@video+block@5e107f88f50c4ccbba5d7acfeae79f46",10,1
